                  epoch,         train/box_loss,         train/cls_loss,         train/dfl_loss,   metrics/precision(B),      metrics/recall(B),       metrics/mAP50(B),    metrics/mAP50-95(B),           val/box_loss,           val/cls_loss,           val/dfl_loss,                 lr/pg0,                 lr/pg1,                 lr/pg2
                      1,                 1.0289,                0.46615,                0.98611,                0.99503,                0.26382,                0.48441,                0.39394,                0.83221,                0.31776,                0.90642,              0.0033283,              0.0033283,              0.0033283
                      2,                 1.0176,                0.46118,                0.98271,                0.99869,                0.75771,                0.82267,                0.68139,                0.75517,                0.31092,                0.89221,              0.0065297,              0.0065297,              0.0065297
                      3,                 1.0564,                0.50566,                0.99805,                0.98853,                0.40038,                0.50769,                0.39016,                0.95707,                0.37036,                0.93895,              0.0095992,              0.0095992,              0.0095992
                      4,                  1.078,                0.53671,                 1.0051,                0.99495,                0.33723,                0.44136,                0.35128,                 0.8613,                0.35737,                0.92577,               0.009406,               0.009406,               0.009406
                      5,                 1.0729,                0.53897,                 1.0038,                0.99747,                0.76314,                0.80357,                 0.6468,                0.82121,                0.33566,                0.90216,               0.009406,               0.009406,               0.009406
