                  epoch,         train/box_loss,         train/cls_loss,         train/dfl_loss,   metrics/precision(B),      metrics/recall(B),       metrics/mAP50(B),    metrics/mAP50-95(B),           val/box_loss,           val/cls_loss,           val/dfl_loss,                 lr/pg0,                 lr/pg1,                 lr/pg2
                      1,                 1.4729,                 3.7098,                 1.1033,                0.03607,                 0.0165,                0.02619,                0.01738,                 1.2751,                 2.2231,                 1.0491,              0.0033283,              0.0033283,              0.0033283
                      2,                 1.3363,                 1.8635,                  1.079,                0.72639,                0.01582,                0.03889,                0.02607,                  1.313,                0.89041,                 1.0564,              0.0065297,              0.0065297,              0.0065297
                      3,                 1.3201,                  1.367,                 1.0879,                0.68456,                0.01673,                0.05084,                0.03511,                 1.2365,                0.80647,                 1.0773,              0.0095992,              0.0095992,              0.0095992
                      4,                 1.3026,                 1.0967,                 1.0965,                0.81644,                0.01817,                0.08543,                0.06254,                 1.1155,                0.56396,                  1.022,               0.009406,               0.009406,               0.009406
                      5,                 1.2672,                0.87835,                 1.0879,                0.85054,                0.02214,                0.09497,                0.07282,                 1.0439,                0.52227,                0.99561,               0.009406,               0.009406,               0.009406
