                  epoch,         train/box_loss,         train/cls_loss,         train/dfl_loss,   metrics/precision(B),      metrics/recall(B),       metrics/mAP50(B),    metrics/mAP50-95(B),           val/box_loss,           val/cls_loss,           val/dfl_loss,                 lr/pg0,                 lr/pg1,                 lr/pg2
                      1,                 1.5727,                 4.1398,                  1.115,                0.18978,                0.43834,                0.21161,                0.12818,                  1.366,                 2.7435,                 1.0228,             5.9577e-05,             5.9577e-05,             5.9577e-05
                      2,                 1.3306,                 2.3701,                 1.0286,                 0.6295,                0.78634,                0.75331,                0.49988,                 1.2275,                 1.6362,                 0.9831,             9.5633e-05,             9.5633e-05,             9.5633e-05
                      3,                 1.2896,                 1.7413,                 1.0215,                0.84967,                0.86984,                0.93167,                0.62884,                 1.1794,                 1.1928,                0.96691,             0.00010806,             0.00010806,             0.00010806
                      4,                 1.2651,                 1.3996,                 1.0154,                0.93825,                0.95265,                0.98315,                0.69471,                 1.0896,                0.90914,                0.94795,             7.2674e-05,             7.2674e-05,             7.2674e-05
                      5,                 1.2405,                 1.2194,                 1.0111,                0.97007,                0.97396,                0.99162,                0.68313,                 1.1699,                  0.809,                0.97204,             7.2674e-05,             7.2674e-05,             7.2674e-05
